test_data_id,multi_func_profit_info,multi_func_time,compute_first_info,compute_first_time,memory_first_info,memory_first_time,single_func_info,single_func_time,random_deploy_info,random_deploy_time
1,"[236.21, 1291.79, 8, [(0, 1), (1, 4)]]",0.001,None,0.0,"[88.58, 484.42, 3.0, [(0, 4), (1, 3)]]",0.001,"[76.82, 496.18, 3, [(0, 1), (1, 1)]]",0.0,"[147.63, 807.37, 5, [(0, 5), (1, 8)]]",0.0
2,"[129.48, 1040.52, 6, [(0, 1), (1, 11)]]",0.002,"[43.16, 346.84, 2.0, [(0, 6), (1, 2)]]",0.0,"[129.48, 1040.52, 6, [(0, 1), (1, 11)]]",0.0,"[54.18, 530.82, 3, [(0, 1), (1, 1)]]",0.0,"[43.16, 346.84, 2.0, [(0, 3), (1, 11)]]",0.0
3,"[228.87, 1.13, 2, [(0, 4), (1, 4), (2, 4), (3, 4), (4, 6), (5, 6)]]",302.1738,"[116.6, -1.6, 1, [(0, 16), (1, 12), (2, 16), (3, 1), (4, 16), (5, 12)]]",0.001,"[233.19, -3.19, 2.0, [(0, 8), (1, 7), (2, 8), (3, 4), (4, 8), (5, 16)]]",0.0,"[114.14, 0.86, 1, [(0, 4), (1, 4), (2, 4), (3, 4), (4, 4), (5, 4)]]",0.0,"[116.15, -1.15, 1.0, [(0, 6), (1, 7), (2, 16), (3, 16), (4, 7), (5, 17)]]",0.0
4,"[192.82, 193.18, 2, [(0, 2), (1, 6), (2, 6), (3, 7)]]",0.0317,"[101.26, 91.74, 1, [(0, 8), (1, 7), (2, 8), (3, 7)]]",0.0,"[101.26, 91.74, 1, [(0, 7), (1, 6), (2, 7), (3, 6)]]",0.0015,"[93.01, 99.99, 1, [(0, 7), (1, 7), (2, 7), (3, 7)]]",0.0,"[101.26, 91.74, 1, [(0, 4), (1, 5), (2, 1), (3, 6)]]",0.001
5,"[188.35, 287.65, 4, [(0, 5), (1, 1)]]",0.0,None,0.001,None,0.0,"[83.68, 154.32, 2, [(0, 1), (1, 1)]]",0.0,"[83.68, 154.32, 2, [(0, 1), (1, 1)]]",0.0
6,"[72.77, 326.23, 3, [(0, 2), (1, 5)]]",0.001,"[24.26, 108.74, 1.0, [(0, 2), (1, 4)]]",0.0,"[24.26, 108.74, 1.0, [(0, 2), (1, 4)]]",0.0,"[22.74, 110.26, 1, [(0, 1), (1, 1)]]",0.0,"[24.26, 108.74, 1.0, [(0, 4), (1, 2)]]",0.0
7,"[517.55, 226.45, 4, [(0, 6), (1, 9), (2, 1), (3, 1), (4, 7)]]",0.5618,"[260.72, 111.28, 2, [(0, 7), (1, 1), (2, 7), (3, 1), (4, 7)]]",0.0,"[260.72, 111.28, 2.0, [(0, 7), (1, 1), (2, 7), (3, 1), (4, 5)]]",0.0,"[127.49, 58.51, 1, [(0, 1), (1, 1), (2, 1), (3, 1), (4, 1)]]",0.0,"[259.08, 112.92, 2, [(0, 7), (1, 7), (2, 6), (3, 9), (4, 7)]]",0.0
8,"[413.93, 410.07, 8, [(0, 2), (1, 2), (2, 3), (3, 6), (4, 14)]]",10.6516,"[53.69, 49.31, 1.0, [(0, 13), (1, 3), (2, 13), (3, 3), (4, 13)]]",0.001,"[214.77, 197.23, 4, [(0, 14), (1, 2), (2, 14), (3, 2), (4, 14)]]",0.001,"[45.14, 57.86, 1, [(0, 1), (1, 1), (2, 1), (3, 1), (4, 1)]]",0.0,"[53.69, 49.31, 1.0, [(0, 2), (1, 1), (2, 3), (3, 6), (4, 9)]]",0.0
9,"[256.28, -78.28, 1, [(0, 5), (1, 5), (2, 5), (3, 5), (4, 5), (5, 2)]]",0.9176,"[265.76, -87.76, 1, [(0, 4), (1, 5), (2, 4), (3, 5), (4, 4), (5, 5)]]",0.0,"[531.51, -175.51, 2, [(0, 5), (1, 6), (2, 5), (3, 6), (4, 4), (5, 2)]]",0.0,None,0.0,"[265.76, -87.76, 1, [(0, 7), (1, 1), (2, 2), (3, 3), (4, 4), (5, 7)]]",0.0
10,"[324.97, 185.03, 3, [(0, 6), (1, 6), (2, 1), (3, 3), (4, 2)]]",14.0362,None,0.0,"[218.92, 121.08, 2, [(0, 6), (1, 12), (2, 3), (3, 17), (4, 11)]]",0.001,"[103.91, 66.09, 1, [(0, 6), (1, 6), (2, 6), (3, 6), (4, 6)]]",0.0,"[109.46, 60.54, 1, [(0, 2), (1, 14), (2, 16), (3, 12), (4, 9)]]",0.0
11,"[426.39, 949.61, 8, [(0, 1), (1, 2), (2, 7), (3, 6)]]",0.0317,"[213.2, 474.8, 4.0, [(0, 3), (1, 1), (2, 3), (3, 1)]]",0.0,"[53.3, 118.7, 1.0, [(0, 1), (1, 6), (2, 1), (3, 6)]]",0.0,"[156.45, 359.55, 3, [(0, 1), (1, 1), (2, 1), (3, 1)]]",0.0,"[159.9, 356.1, 3, [(0, 7), (1, 5), (2, 6), (3, 5)]]",0.0
12,"[526.78, 213.22, 4, [(0, 2), (1, 2), (2, 9), (3, 6), (4, 7)]]",0.4528,"[268.55, 101.45, 2.0, [(0, 2), (1, 9), (2, 2), (3, 9), (4, 2)]]",0.0015,"[268.55, 101.45, 2.0, [(0, 2), (1, 9), (2, 2), (3, 9), (4, 2)]]",0.0,"[254.27, 115.73, 2, [(0, 2), (1, 2), (2, 2), (3, 2), (4, 2)]]",0.0,"[134.27, 50.73, 1, [(0, 7), (1, 8), (2, 7), (3, 3), (4, 4)]]",0.001
13,"[541.65, 438.35, 5, [(0, 8), (1, 8), (2, 9), (3, 13)]]",0.5903,"[435.2, 348.8, 4, [(0, 8), (1, 13), (2, 8), (3, 9)]]",0.0,"[326.4, 261.6, 3, [(0, 8), (1, 13), (2, 9), (3, 8)]]",0.001,"[107.58, 88.42, 1, [(0, 1), (1, 1), (2, 1), (3, 1)]]",0.0,"[108.8, 87.2, 1.0, [(0, 5), (1, 2), (2, 4), (3, 10)]]",0.0
14,"[217.73, -106.73, 1, [(0, 1), (1, 1), (2, 1), (3, 1), (4, 1)]]",2.9615,"[224.96, -113.96, 1, [(0, 13), (1, 4), (2, 13), (3, 4), (4, 13)]]",0.001,"[674.89, -341.89, 3, [(0, 1), (1, 11), (2, 1), (3, 13), (4, 2)]]",0.0,"[217.73, -106.73, 1, [(0, 1), (1, 1), (2, 1), (3, 1), (4, 1)]]",0.0,"[224.96, -113.96, 1, [(0, 6), (1, 10), (2, 3), (3, 4), (4, 11)]]",0.0
15,"[190.96, -63.96, 1, [(0, 5), (1, 5), (2, 5), (3, 5), (4, 5), (5, 6)]]",0.6097,None,0.0,None,0.001,None,0.0,"[195.64, -68.64, 1, [(0, 5), (1, 5), (2, 5), (3, 3), (4, 6), (5, 8)]]",0.0025
16,"[152.66, 396.34, 3, [(0, 1), (1, 1), (2, 1)]]",0.0015,"[163.1, 385.9, 3, [(0, 1), (1, 4), (2, 1)]]",0.0,"[163.1, 385.9, 3, [(0, 1), (1, 4), (2, 1)]]",0.0,"[152.66, 396.34, 3, [(0, 1), (1, 1), (2, 1)]]",0.0,"[54.37, 128.63, 1, [(0, 4), (1, 2), (2, 4)]]",0.0
17,"[592.98, 91.02, 4, [(0, 2), (1, 6), (2, 6), (3, 6), (4, 7), (5, 8)]]",1.8487,"[458.78, 54.22, 3, [(0, 6), (1, 7), (2, 6), (3, 7), (4, 6), (5, 7)]]",0.0,"[458.78, 54.22, 3, [(0, 6), (1, 7), (2, 6), (3, 7), (4, 6), (5, 7)]]",0.0,"[141.53, 29.47, 1, [(0, 3), (1, 3), (2, 3), (3, 3), (4, 3), (5, 3)]]",0.0,"[152.93, 18.07, 1, [(0, 6), (1, 4), (2, 6), (3, 7), (4, 6), (5, 5)]]",0.0
18,"[167.41, -36.41, 1, [(0, 3), (1, 3), (2, 3), (3, 3)]]",0.598,"[174.4, -43.4, 1.0, [(0, 5), (1, 6), (2, 5), (3, 15)]]",0.0013,None,0.001,"[167.41, -36.41, 1, [(0, 3), (1, 3), (2, 3), (3, 3)]]",0.0,"[174.4, -43.4, 1, [(0, 3), (1, 14), (2, 7), (3, 14)]]",0.0
19,"[319.54, -173.54, 1, [(0, 1), (1, 1), (2, 1), (3, 1), (4, 1), (5, 2)]]",1.1941,"[332.14, -186.14, 1, [(0, 6), (1, 1), (2, 6), (3, 1), (4, 6), (5, 7)]]",0.0,"[332.14, -186.14, 1, [(0, 1), (1, 7), (2, 1), (3, 4), (4, 1), (5, 2)]]",0.0,None,0.0,"[328.12, -182.12, 1, [(0, 4), (1, 3), (2, 3), (3, 4), (4, 5), (5, 1)]]",0.0
20,"[261.67, 1408.33, 10.0, [(0, 1), (1, 2)]]",0.001,"[261.67, 1408.33, 10.0, [(0, 2), (1, 1)]]",0.0,"[130.84, 704.16, 5.0, [(0, 3), (1, 2)]]",0.0,"[121.72, 880.28, 6, [(0, 1), (1, 1)]]",0.0,"[26.17, 140.83, 1.0, [(0, 2), (1, 4)]]",0.0
21,"[178.35, -38.35, 1, [(0, 4), (1, 4), (2, 4), (3, 4), (4, 4)]]",0.2768,None,0.0,"[194.52, -54.52, 1, [(0, 4), (1, 1), (2, 4), (3, 5), (4, 4)]]",0.0,"[178.35, -38.35, 1, [(0, 4), (1, 4), (2, 4), (3, 4), (4, 4)]]",0.0,"[188.57, -48.57, 1, [(0, 6), (1, 6), (2, 9), (3, 6), (4, 5)]]",0.0
22,"[401.32, -202.32, 1, [(0, 1), (1, 1), (2, 1), (3, 9), (4, 9), (5, 11)]]",63.8899,"[408.61, -209.61, 1, [(0, 12), (1, 14), (2, 12), (3, 14), (4, 12), (5, 14)]]",0.001,None,0.001,None,0.0,"[408.61, -209.61, 1, [(0, 8), (1, 2), (2, 11), (3, 15), (4, 1), (5, 19)]]",0.0015
23,"[305.87, 190.13, 4, [(0, 3), (1, 3), (2, 1)]]",0.004,"[311.71, 184.29, 4, [(0, 3), (1, 1), (2, 3)]]",0.001,"[311.71, 184.29, 4, [(0, 3), (1, 1), (2, 3)]]",0.0,"[75.75, 48.25, 1, [(0, 1), (1, 1), (2, 1)]]",0.0,"[77.93, 46.07, 1.0, [(0, 3), (1, 4), (2, 6)]]",0.0
24,"[315.49, 436.51, 4, [(0, 2), (1, 3)]]",0.0,"[157.75, 218.25, 2, [(0, 3), (1, 2)]]",0.0,"[157.75, 218.25, 2, [(0, 3), (1, 2)]]",0.001,"[77.82, 110.18, 1, [(0, 2), (1, 2)]]",0.0,"[78.87, 109.13, 1, [(0, 2), (1, 4)]]",0.0
25,"[225.18, -52.18, 1, [(0, 3), (1, 3), (2, 3), (3, 3), (4, 3)]]",3.8383,"[230.28, -57.28, 1.0, [(0, 5), (1, 7), (2, 5), (3, 7), (4, 12)]]",0.0,"[460.55, -114.55, 2, [(0, 5), (1, 3), (2, 5), (3, 3), (4, 5)]]",0.0,"[225.18, -52.18, 1, [(0, 3), (1, 3), (2, 3), (3, 3), (4, 3)]]",0.0,"[460.55, -114.55, 2, [(0, 13), (1, 3), (2, 4), (3, 10), (4, 14)]]",0.0
26,"[662.78, 507.22, 10, [(0, 4), (1, 12), (2, 3), (3, 9)]]",0.2507,None,0.001,None,0.0,"[61.39, 55.61, 1, [(0, 1), (1, 1), (2, 1), (3, 1)]]",0.0,"[66.28, 50.72, 1.0, [(0, 5), (1, 10), (2, 3), (3, 10)]]",0.0
27,"[329.94, 312.06, 6, [(0, 10), (1, 2), (2, 2)]]",0.0272,"[56.95, 50.05, 1.0, [(0, 2), (1, 8), (2, 2)]]",0.0,"[284.75, 250.25, 5.0, [(0, 2), (1, 10), (2, 2)]]",0.001,"[217.56, 210.44, 4, [(0, 2), (1, 2), (2, 2)]]",0.0,"[109.98, 104.02, 2, [(0, 4), (1, 10), (2, 10)]]",0.0
28,"[489.51, 342.49, 8, [(0, 3), (1, 2), (2, 1), (3, 5)]]",0.045,"[183.57, 128.43, 3.0, [(0, 8), (1, 1), (2, 8), (3, 1)]]",0.0,"[367.14, 256.86, 6, [(0, 5), (1, 6), (2, 5), (3, 1)]]",0.0,"[113.9, 94.1, 2, [(0, 1), (1, 1), (2, 1), (3, 1)]]",0.0,"[236.28, 179.72, 4, [(0, 5), (1, 6), (2, 6), (3, 5)]]",0.0
29,"[177.92, -63.92, 1, [(0, 1), (1, 1), (2, 5), (3, 5), (4, 5), (5, 5)]]",1.4399,"[193.72, -79.72, 1, [(0, 3), (1, 6), (2, 3), (3, 6), (4, 3), (5, 6)]]",0.001,"[387.43, -159.43, 2, [(0, 5), (1, 1), (2, 5), (3, 1), (4, 5), (5, 6)]]",0.001,None,0.0,"[193.72, -79.72, 1, [(0, 5), (1, 6), (2, 3), (3, 8), (4, 3), (5, 1)]]",0.0
30,"[102.63, 127.37, 2, [(0, 1), (1, 1), (2, 1)]]",0.0,"[53.84, 61.16, 1, [(0, 1), (1, 4), (2, 1)]]",0.0,"[53.84, 61.16, 1, [(0, 1), (1, 4), (2, 1)]]",0.0,"[102.63, 127.37, 2, [(0, 1), (1, 1), (2, 1)]]",0.0,"[102.63, 127.37, 2, [(0, 1), (1, 1), (2, 1)]]",0.0
31,"[451.09, 148.91, 4, [(0, 4), (1, 4), (2, 10), (3, 10), (4, 7), (5, 8)]]",11.5466,"[118.65, 31.35, 1, [(0, 8), (1, 4), (2, 8), (3, 4), (4, 8), (5, 4)]]",0.0,None,0.0,"[103.39, 46.61, 1, [(0, 8), (1, 8), (2, 8), (3, 8), (4, 8), (5, 8)]]",0.0,"[237.31, 62.69, 2, [(0, 4), (1, 10), (2, 7), (3, 2), (4, 8), (5, 4)]]",0.0
32,"[317.43, -123.43, 1, [(0, 1), (1, 1), (2, 1), (3, 1), (4, 2), (5, 2)]]",0.8815,"[338.36, -144.36, 1, [(0, 2), (1, 3), (2, 2), (3, 3), (4, 2), (5, 3)]]",0.0,"[338.36, -144.36, 1.0, [(0, 6), (1, 5), (2, 6), (3, 3), (4, 1), (5, 2)]]",0.001,None,0.0,"[338.36, -144.36, 1, [(0, 7), (1, 1), (2, 2), (3, 5), (4, 7), (5, 1)]]",0.0
33,"[200.95, 126.05, 3, [(0, 7), (1, 7), (2, 9), (3, 3), (4, 3)]]",0.3125,"[214.27, 112.73, 3, [(0, 3), (1, 4), (2, 3), (3, 4), (4, 3)]]",0.001,"[214.27, 112.73, 3, [(0, 3), (1, 4), (2, 3), (3, 4), (4, 3)]]",0.0,"[62.06, 46.94, 1, [(0, 3), (1, 3), (2, 3), (3, 3), (4, 3)]]",0.0,"[68.3, 40.7, 1, [(0, 5), (1, 4), (2, 4), (3, 3), (4, 2)]]",0.0015
34,"[382.69, 422.31, 5, [(0, 2), (1, 1)]]",0.0,"[382.69, 422.31, 5, [(0, 2), (1, 1)]]",0.0,"[382.69, 422.31, 5.0, [(0, 2), (1, 3)]]",0.0,"[139.32, 182.68, 2, [(0, 1), (1, 1)]]",0.0,"[76.54, 84.46, 1, [(0, 3), (1, 5)]]",0.0
35,"[314.23, 225.77, 4, [(0, 7), (1, 1), (2, 2), (3, 3), (4, 4), (5, 6)]]",2.5882,None,0.0,"[157.12, 112.88, 2, [(0, 3), (1, 2), (2, 3), (3, 2), (4, 6), (5, 2)]]",0.0,"[73.3, 61.7, 1.0, [(0, 2), (1, 2), (2, 2), (3, 2), (4, 2), (5, 2)]]",0.0,"[78.56, 56.44, 1, [(0, 5), (1, 2), (2, 7), (3, 5), (4, 8), (5, 7)]]",0.0
36,"[434.38, 51.62, 3, [(0, 6), (1, 3), (2, 2), (3, 5)]]",0.0262,"[144.79, 17.21, 1, [(0, 6), (1, 5), (2, 6), (3, 5)]]",0.0,"[289.59, 34.41, 2, [(0, 5), (1, 2), (2, 5), (3, 6)]]",0.0,"[136.34, 25.66, 1, [(0, 5), (1, 5), (2, 5), (3, 5)]]",0.0,"[144.79, 17.21, 1, [(0, 3), (1, 8), (2, 3), (3, 2)]]",0.0
37,"[143.68, 6.32, 1, [(0, 4), (1, 4), (2, 4), (3, 4), (4, 4), (5, 4)]]",2.8247,"[156.16, -6.16, 1, [(0, 8), (1, 4), (2, 8), (3, 4), (4, 8), (5, 4)]]",0.001,None,0.0,"[143.68, 6.32, 1, [(0, 4), (1, 4), (2, 4), (3, 4), (4, 4), (5, 4)]]",0.0,"[156.16, -6.16, 1, [(0, 6), (1, 4), (2, 6), (3, 8), (4, 3), (5, 5)]]",0.0
38,"[167.29, 348.71, 3, [(0, 2), (1, 3), (2, 5)]]",0.0,"[55.76, 116.24, 1, [(0, 5), (1, 4), (2, 5)]]",0.0,"[111.52, 232.48, 2, [(0, 3), (1, 5), (2, 3)]]",0.0,"[52.49, 119.51, 1, [(0, 2), (1, 2), (2, 2)]]",0.0,"[111.52, 232.48, 2, [(0, 3), (1, 4), (2, 3)]]",0.0
39,"[188.61, -70.61, 1, [(0, 8), (1, 8), (2, 8), (3, 8), (4, 8), (5, 8)]]",2.7703,None,0.0,"[395.16, -159.16, 2, [(0, 8), (1, 9), (2, 8), (3, 9), (4, 8), (5, 7)]]",0.0,"[188.61, -70.61, 1, [(0, 8), (1, 8), (2, 8), (3, 8), (4, 8), (5, 8)]]",0.0,"[197.58, -79.58, 1, [(0, 1), (1, 3), (2, 10), (3, 3), (4, 9), (5, 7)]]",0.0
40,"[633.2, 366.8, 8, [(0, 2), (1, 6), (2, 1)]]",0.0041,"[158.3, 91.7, 2.0, [(0, 4), (1, 3), (2, 4)]]",0.0,"[316.6, 183.4, 4, [(0, 1), (1, 5), (2, 1)]]",0.001,"[210.78, 164.22, 3, [(0, 1), (1, 1), (2, 1)]]",0.0,"[474.9, 275.1, 6, [(0, 2), (1, 6), (2, 7)]]",0.0
41,"[153.51, 305.49, 3, [(0, 1), (1, 1), (2, 1)]]",0.001,"[107.26, 198.74, 2, [(0, 3), (1, 4), (2, 3)]]",0.0,"[107.26, 198.74, 2, [(0, 1), (1, 4), (2, 3)]]",0.0,"[153.51, 305.49, 3, [(0, 1), (1, 1), (2, 1)]]",0.0,"[107.26, 198.74, 2, [(0, 2), (1, 4), (2, 3)]]",0.0
42,"[257.64, 258.36, 3, [(0, 3), (1, 3), (2, 4)]]",0.001,"[181.56, 162.44, 2, [(0, 1), (1, 3), (2, 1)]]",0.0,"[181.56, 162.44, 2.0, [(0, 3), (1, 1), (2, 3)]]",0.0,"[81.58, 90.42, 1, [(0, 1), (1, 1), (2, 1)]]",0.0,"[86.48, 85.52, 1, [(0, 5), (1, 4), (2, 4)]]",0.0
43,"[436.61, 544.39, 9, [(0, 1), (1, 2)]]",0.0,"[388.1, 483.9, 8, [(0, 2), (1, 3)]]",0.0,"[339.58, 423.42, 7.0, [(0, 5), (1, 1)]]",0.0,"[183.81, 252.19, 4, [(0, 1), (1, 1)]]",0.0,"[242.56, 302.44, 5, [(0, 5), (1, 4)]]",0.0
44,"[234.02, 1349.98, 8, [(0, 2), (1, 4)]]",0.001,"[58.5, 337.5, 2.0, [(0, 5), (1, 4)]]",0.0,"[204.76, 1181.24, 7.0, [(0, 5), (1, 6)]]",0.0,"[99.97, 692.03, 4, [(0, 2), (1, 2)]]",0.0,"[58.5, 337.5, 2.0, [(0, 4), (1, 5)]]",0.0
45,"[114.72, 2.28, 1, [(0, 2), (1, 2), (2, 2), (3, 2)]]",0.3782,"[245.34, -11.34, 2, [(0, 2), (1, 15), (2, 2), (3, 15)]]",0.001,"[245.34, -11.34, 2, [(0, 2), (1, 15), (2, 2), (3, 15)]]",0.001,"[114.72, 2.28, 1, [(0, 2), (1, 2), (2, 2), (3, 2)]]",0.001,"[122.67, -5.67, 1, [(0, 11), (1, 8), (2, 7), (3, 14)]]",0.0
46,"[270.41, 75.59, 2, [(0, 2), (1, 1), (2, 1), (3, 5)]]",0.004,"[137.63, 35.37, 1, [(0, 1), (1, 2), (2, 1), (3, 2)]]",0.0,"[275.27, 70.73, 2, [(0, 1), (1, 2), (2, 1), (3, 5)]]",0.0,"[132.38, 40.62, 1, [(0, 1), (1, 1), (2, 1), (3, 1)]]",0.0,"[136.1, 36.9, 1, [(0, 5), (1, 3), (2, 1), (3, 1)]]",0.0
47,"[204.56, -99.56, 1, [(0, 1), (1, 1), (2, 1), (3, 1), (4, 6), (5, 6)]]",0.942,"[209.22, -104.22, 1, [(0, 8), (1, 1), (2, 8), (3, 1), (4, 8), (5, 1)]]",0.0,"[209.22, -104.22, 1, [(0, 8), (1, 1), (2, 8), (3, 1), (4, 8), (5, 5)]]",0.0,None,0.0,"[207.74, -102.74, 1, [(0, 8), (1, 7), (2, 2), (3, 6), (4, 1), (5, 1)]]",0.0
48,"[305.87, 219.13, 3, [(0, 1), (1, 2), (2, 2), (3, 6), (4, 6)]]",0.1295,"[112.44, 62.56, 1, [(0, 2), (1, 6), (2, 2), (3, 6), (4, 2)]]",0.0,"[224.88, 125.12, 2.0, [(0, 6), (1, 2), (2, 6), (3, 7), (4, 6)]]",0.001,"[97.96, 77.04, 1, [(0, 6), (1, 6), (2, 6), (3, 6), (4, 6)]]",0.0,"[112.44, 62.56, 1, [(0, 7), (1, 3), (2, 4), (3, 7), (4, 1)]]",0.0
49,"[126.8, 30.2, 1, [(0, 3), (1, 3), (2, 5), (3, 5)]]",0.002,"[133.16, 23.84, 1, [(0, 5), (1, 3), (2, 5), (3, 3)]]",0.0011,"[133.16, 23.84, 1, [(0, 5), (1, 3), (2, 5), (3, 1)]]",0.0,None,0.0,"[133.16, 23.84, 1, [(0, 5), (1, 4), (2, 5), (3, 3)]]",0.0
50,"[149.07, 348.93, 3.0, [(0, 2), (1, 3)]]",0.0015,"[49.69, 116.31, 1.0, [(0, 3), (1, 1)]]",0.0,"[149.07, 348.93, 3.0, [(0, 3), (1, 2)]]",0.0,"[47.09, 118.91, 1, [(0, 1), (1, 1)]]",0.0,"[49.69, 116.31, 1, [(0, 4), (1, 1)]]",0.0
51,"[270.8, 113.2, 2, [(0, 2), (1, 3), (2, 3), (3, 4)]]",0.0277,"[141.16, 50.84, 1, [(0, 5), (1, 7), (2, 5), (3, 7)]]",0.0,"[282.32, 101.68, 2, [(0, 8), (1, 5), (2, 3), (3, 7)]]",0.0,"[127.84, 64.16, 1, [(0, 3), (1, 3), (2, 3), (3, 3)]]",0.0,"[282.32, 101.68, 2, [(0, 7), (1, 8), (2, 4), (3, 8)]]",0.0
52,"[269.52, -93.52, 1, [(0, 4), (1, 4), (2, 4), (3, 4), (4, 4)]]",2.1125,"[286.25, -110.25, 1, [(0, 4), (1, 9), (2, 4), (3, 9), (4, 4)]]",0.001,"[858.75, -330.75, 3, [(0, 6), (1, 3), (2, 6), (3, 13), (4, 4)]]",0.001,"[269.52, -93.52, 1, [(0, 4), (1, 4), (2, 4), (3, 4), (4, 4)]]",0.0,"[286.25, -110.25, 1, [(0, 2), (1, 3), (2, 9), (3, 5), (4, 9)]]",0.0
53,"[151.43, -20.43, 1, [(0, 2), (1, 2), (2, 2), (3, 2)]]",0.0027,"[153.14, -22.14, 1, [(0, 4), (1, 3), (2, 4), (3, 3)]]",0.0,"[153.14, -22.14, 1, [(0, 2), (1, 3), (2, 4), (3, 3)]]",0.0,"[151.43, -20.43, 1, [(0, 2), (1, 2), (2, 2), (3, 2)]]",0.0,"[153.14, -22.14, 1, [(0, 3), (1, 4), (2, 5), (3, 4)]]",0.0
54,"[147.29, -22.29, 1, [(0, 3), (1, 3), (2, 3), (3, 3)]]",0.0247,"[153.26, -28.26, 1, [(0, 7), (1, 3), (2, 7), (3, 3)]]",0.001,"[306.52, -56.52, 2, [(0, 8), (1, 3), (2, 8), (3, 1)]]",0.0,"[147.29, -22.29, 1, [(0, 3), (1, 3), (2, 3), (3, 3)]]",0.0,"[306.52, -56.52, 2, [(0, 7), (1, 2), (2, 1), (3, 6)]]",0.0
55,"[221.63, 828.37, 7, [(0, 5), (1, 4)]]",0.001,"[31.66, 118.34, 1.0, [(0, 4), (1, 2)]]",0.0,"[189.96, 710.04, 6, [(0, 4), (1, 5)]]",0.0,"[57.92, 242.08, 2, [(0, 1), (1, 1)]]",0.0,"[28.96, 121.04, 1, [(0, 9), (1, 9)]]",0.0
56,"[195.78, -4.78, 1, [(0, 1), (1, 1), (2, 7), (3, 7), (4, 7)]]",0.0577,"[209.46, -18.46, 1, [(0, 1), (1, 7), (2, 1), (3, 7), (4, 1)]]",0.0,"[418.92, -36.92, 2, [(0, 1), (1, 7), (2, 4), (3, 7), (4, 1)]]",0.001,None,0.0,"[209.46, -18.46, 1, [(0, 5), (1, 4), (2, 2), (3, 1), (4, 3)]]",0.0
57,"[194.93, 1149.07, 8, [(0, 2), (1, 3)]]",0.001,"[48.73, 287.27, 2.0, [(0, 7), (1, 6)]]",0.0,"[194.93, 1149.07, 8, [(0, 3), (1, 2)]]",0.0,"[23.01, 144.99, 1, [(0, 1), (1, 1)]]",0.0,"[92.02, 579.98, 4, [(0, 2), (1, 2)]]",0.0
58,"[264.0, 256.0, 5, [(0, 1), (1, 2), (2, 3), (3, 3)]]",0.0135,None,0.001,"[159.51, 152.49, 3.0, [(0, 3), (1, 4), (2, 3), (3, 4)]]",0.0,"[51.91, 52.09, 1, [(0, 1), (1, 1), (2, 1), (3, 1)]]",0.0,"[53.17, 50.83, 1, [(0, 1), (1, 6), (2, 5), (3, 3)]]",0.0
59,"[425.93, 569.07, 5, [(0, 9), (1, 4), (2, 4), (3, 1), (4, 2)]]",0.5929,"[268.79, 328.21, 3, [(0, 4), (1, 1), (2, 4), (3, 1), (4, 4)]]",0.0,None,0.0,"[73.92, 125.08, 1, [(0, 1), (1, 1), (2, 1), (3, 1), (4, 1)]]",0.0,"[89.6, 109.4, 1, [(0, 7), (1, 8), (2, 2), (3, 6), (4, 3)]]",0.0
60,"[406.4, 385.6, 4, [(0, 6), (1, 8), (2, 4), (3, 5), (4, 7), (5, 2)]]",7.3753,"[101.6, 96.4, 1, [(0, 2), (1, 8), (2, 2), (3, 8), (4, 2), (5, 8)]]",0.0,"[203.2, 192.8, 2, [(0, 7), (1, 5), (2, 7), (3, 5), (4, 7), (5, 2)]]",0.001,"[90.3, 107.7, 1, [(0, 7), (1, 7), (2, 7), (3, 7), (4, 7), (5, 7)]]",0.0,"[100.45, 97.55, 1, [(0, 4), (1, 8), (2, 10), (3, 10), (4, 8), (5, 6)]]",0.001
61,"[437.72, 1608.28, 11, [(0, 1), (1, 6)]]",0.001,"[79.59, 292.41, 2.0, [(0, 3), (1, 6)]]",0.0,"[79.59, 292.41, 2.0, [(0, 3), (1, 6)]]",0.0,"[193.71, 736.29, 5, [(0, 1), (1, 1)]]",0.0,"[232.46, 883.54, 6, [(0, 6), (1, 6)]]",0.0
62,"[159.54, -23.54, 1, [(0, 1), (1, 1), (2, 1), (3, 1), (4, 1)]]",1.1951,"[346.38, -74.38, 2, [(0, 7), (1, 1), (2, 7), (3, 1), (4, 7)]]",0.0,"[346.38, -74.38, 2, [(0, 7), (1, 1), (2, 7), (3, 1), (4, 7)]]",0.0,"[159.54, -23.54, 1, [(0, 1), (1, 1), (2, 1), (3, 1), (4, 1)]]",0.0,"[173.19, -37.19, 1, [(0, 7), (1, 6), (2, 8), (3, 2), (4, 1)]]",0.0
63,"[210.13, 641.87, 6, [(0, 1), (1, 2)]]",0.0,"[35.02, 106.98, 1.0, [(0, 3), (1, 1)]]",0.0,"[70.04, 213.96, 2.0, [(0, 4), (1, 2)]]",0.001,"[68.45, 215.56, 2, [(0, 1), (1, 1)]]",0.0,"[175.11, 534.89, 5.0, [(0, 3), (1, 4)]]",0.0
64,"[274.55, 971.45, 7, [(0, 3), (1, 3), (2, 1)]]",0.001,"[256.63, 811.37, 6, [(0, 3), (1, 1), (2, 3)]]",0.0,"[256.63, 811.37, 6, [(0, 3), (1, 1), (2, 3)]]",0.0,"[145.88, 566.12, 4, [(0, 1), (1, 1), (2, 1)]]",0.0,"[80.04, 275.96, 2, [(0, 4), (1, 5), (2, 5)]]",0.0
65,"[512.87, 621.13, 7, [(0, 9), (1, 8), (2, 5)]]",0.0075,"[366.33, 443.67, 5, [(0, 5), (1, 4), (2, 5)]]",0.001,"[366.33, 443.67, 5, [(0, 5), (1, 4), (2, 5)]]",0.0,"[63.61, 98.39, 1, [(0, 1), (1, 1), (2, 1)]]",0.0,"[69.0, 93.0, 1, [(0, 6), (1, 6), (2, 5)]]",0.0
66,"[221.06, 1384.94, 11, [(0, 4), (1, 4)]]",0.001,"[50.41, 241.59, 2.0, [(0, 2), (1, 4)]]",0.0,"[151.24, 724.76, 6.0, [(0, 4), (1, 1)]]",0.0,"[200.96, 1259.04, 10, [(0, 1), (1, 1)]]",0.0,"[50.41, 241.59, 2.0, [(0, 2), (1, 4)]]",0.0
67,"[543.39, 664.61, 8, [(0, 4), (1, 6), (2, 1), (3, 3)]]",0.0266,None,0.0,"[271.7, 332.3, 4.0, [(0, 7), (1, 1), (2, 3), (3, 1)]]",0.0,"[187.84, 265.16, 3, [(0, 1), (1, 1), (2, 1), (3, 1)]]",0.0,"[135.85, 166.15, 2.0, [(0, 3), (1, 2), (2, 1), (3, 2)]]",0.0
68,"[428.78, 355.22, 4, [(0, 9), (1, 8), (2, 5)]]",0.0104,"[214.39, 177.61, 2, [(0, 5), (1, 8), (2, 5)]]",0.0,"[214.39, 177.61, 2, [(0, 8), (1, 5), (2, 8)]]",0.0,"[102.85, 93.15, 1, [(0, 2), (1, 2), (2, 2)]]",0.0,"[107.19, 88.81, 1, [(0, 6), (1, 1), (2, 8)]]",0.0
69,"[612.98, 389.02, 6, [(0, 10), (1, 11), (2, 13), (3, 16), (4, 1)]]",11.6696,"[204.33, 129.67, 2.0, [(0, 7), (1, 14), (2, 7), (3, 14), (4, 13)]]",0.001,"[204.33, 129.67, 2.0, [(0, 13), (1, 14), (2, 13), (3, 16), (4, 13)]]",0.001,"[89.38, 77.62, 1, [(0, 1), (1, 1), (2, 1), (3, 1), (4, 1)]]",0.0,"[102.16, 64.84, 1, [(0, 2), (1, 3), (2, 11), (3, 12), (4, 11)]]",0.0
70,"[313.92, 544.08, 6, [(0, 2), (1, 5)]]",0.001,"[313.92, 544.08, 6, [(0, 2), (1, 5)]]",0.0,"[313.92, 544.08, 6, [(0, 5), (1, 2)]]",0.0,"[103.96, 182.04, 2, [(0, 1), (1, 1)]]",0.0,"[104.64, 181.36, 2, [(0, 2), (1, 4)]]",0.0
71,"[538.93, 1090.07, 9, [(0, 6), (1, 7), (2, 6), (3, 7), (4, 8)]]",0.3695,"[239.52, 484.48, 4, [(0, 6), (1, 7), (2, 6), (3, 7), (4, 6)]]",0.0,None,0.0,"[50.64, 130.36, 1, [(0, 1), (1, 1), (2, 1), (3, 1), (4, 1)]]",0.0,"[59.88, 121.12, 1, [(0, 1), (1, 6), (2, 4), (3, 3), (4, 2)]]",0.0
72,"[449.77, 286.23, 4, [(0, 4), (1, 6), (2, 2), (3, 2), (4, 2), (5, 1)]]",3.1898,"[118.89, 65.11, 1.0, [(0, 5), (1, 1), (2, 5), (3, 1), (4, 5), (5, 1)]]",0.001,"[356.68, 195.32, 3, [(0, 2), (1, 1), (2, 2), (3, 1), (4, 2), (5, 1)]]",0.001,"[102.74, 81.26, 1, [(0, 1), (1, 1), (2, 1), (3, 1), (4, 1), (5, 1)]]",0.0,"[234.69, 133.31, 2, [(0, 4), (1, 8), (2, 2), (3, 2), (4, 3), (5, 5)]]",0.0
73,"[204.89, -38.89, 1, [(0, 1), (1, 1), (2, 10), (3, 10), (4, 10), (5, 10)]]",9.959,None,0.0,"[216.21, -50.21, 1, [(0, 4), (1, 10), (2, 4), (3, 3), (4, 4), (5, 10)]]",0.0,None,0.0,"[212.73, -46.73, 1, [(0, 2), (1, 4), (2, 8), (3, 5), (4, 6), (5, 6)]]",0.0
74,"[191.49, 513.51, 5, [(0, 3), (1, 4)]]",0.0,"[191.49, 513.51, 5, [(0, 4), (1, 3)]]",0.0,"[191.49, 513.51, 5, [(0, 4), (1, 3)]]",0.0,"[63.64, 218.36, 2, [(0, 1), (1, 1)]]",0.0,"[76.6, 205.4, 2, [(0, 3), (1, 5)]]",0.0
75,"[184.58, 43.42, 2, [(0, 6), (1, 6), (2, 5), (3, 5)]]",0.0191,"[193.28, 34.72, 2, [(0, 6), (1, 1), (2, 6), (3, 1)]]",0.0,"[96.64, 17.36, 1, [(0, 5), (1, 6), (2, 1), (3, 6)]]",0.0,"[89.89, 24.11, 1, [(0, 1), (1, 1), (2, 1), (3, 1)]]",0.0,"[96.64, 17.36, 1, [(0, 1), (1, 7), (2, 5), (3, 7)]]",0.001
76,"[125.05, -3.05, 1, [(0, 2), (1, 2), (2, 2), (3, 2), (4, 2)]]",0.3146,"[267.8, -23.8, 2, [(0, 2), (1, 3), (2, 2), (3, 3), (4, 2)]]",0.0,"[267.8, -23.8, 2, [(0, 2), (1, 3), (2, 2), (3, 3), (4, 2)]]",0.001,"[125.05, -3.05, 1, [(0, 2), (1, 2), (2, 2), (3, 2), (4, 2)]]",0.0,"[263.0, -19.0, 2.0, [(0, 6), (1, 8), (2, 5), (3, 5), (4, 4)]]",0.0
77,"[324.89, 179.11, 4, [(0, 1), (1, 3)]]",0.001,"[324.89, 179.11, 4, [(0, 1), (1, 3)]]",0.0,"[162.45, 89.55, 2.0, [(0, 4), (1, 1)]]",0.0,"[157.95, 94.05, 2, [(0, 1), (1, 1)]]",0.0,"[324.89, 179.11, 4, [(0, 3), (1, 1)]]",0.0
78,"[320.87, 393.13, 6, [(0, 1), (1, 2), (2, 2), (3, 1)]]",0.0268,None,0.0015,"[277.89, 317.11, 5, [(0, 2), (1, 1), (2, 2), (3, 1)]]",0.0,"[140.45, 216.55, 3, [(0, 1), (1, 1), (2, 1), (3, 1)]]",0.0,"[53.48, 65.52, 1, [(0, 4), (1, 1), (2, 1), (3, 4)]]",0.0
79,"[251.11, -149.11, 1, [(0, 8), (1, 8), (2, 8), (3, 8), (4, 8), (5, 8)]]",134.7983,None,0.0,"[522.32, -318.32, 2, [(0, 8), (1, 16), (2, 8), (3, 16), (4, 6), (5, 15)]]",0.001,"[251.11, -149.11, 1, [(0, 8), (1, 8), (2, 8), (3, 8), (4, 8), (5, 8)]]",0.0,"[261.16, -159.16, 1, [(0, 16), (1, 2), (2, 13), (3, 6), (4, 16), (5, 2)]]",0.0
80,"[161.83, 834.17, 6, [(0, 4), (1, 4)]]",0.0,"[154.86, 675.14, 5, [(0, 4), (1, 2)]]",0.0,"[154.86, 675.14, 5, [(0, 4), (1, 2)]]",0.0,"[107.89, 556.11, 4, [(0, 1), (1, 1)]]",0.0,"[61.94, 270.06, 2, [(0, 3), (1, 2)]]",0.0
81,"[139.12, 370.88, 3, [(0, 2), (1, 2)]]",0.001,"[103.18, 236.82, 2.0, [(0, 2), (1, 4)]]",0.001,"[103.18, 236.82, 2.0, [(0, 2), (1, 4)]]",0.0,"[139.12, 370.88, 3, [(0, 2), (1, 2)]]",0.0,"[51.59, 118.41, 1, [(0, 1), (1, 4)]]",0.0
82,"[565.47, 160.53, 6, [(0, 3), (1, 4), (2, 2), (3, 2)]]",0.0061,"[98.33, 22.67, 1, [(0, 4), (1, 1), (2, 4), (3, 1)]]",0.0,"[589.95, 136.05, 6, [(0, 2), (1, 3), (2, 2), (3, 4)]]",0.0,"[86.69, 34.31, 1, [(0, 1), (1, 1), (2, 1), (3, 1)]]",0.0,"[376.98, 107.02, 4, [(0, 4), (1, 2), (2, 3), (3, 3)]]",0.0
83,"[335.7, 440.3, 4, [(0, 8), (1, 1), (2, 1), (3, 8), (4, 5)]]",0.2298,"[170.13, 217.87, 2, [(0, 5), (1, 8), (2, 5), (3, 8), (4, 5)]]",0.0,"[255.2, 326.8, 3, [(0, 1), (1, 8), (2, 1), (3, 8), (4, 5)]]",0.0,"[78.11, 115.89, 1, [(0, 1), (1, 1), (2, 1), (3, 1), (4, 1)]]",0.0,"[83.9, 110.1, 1, [(0, 6), (1, 1), (2, 9), (3, 1), (4, 1)]]",0.0
84,"[189.94, 88.06, 2, [(0, 1), (1, 1), (2, 2), (3, 2)]]",0.0028,"[200.34, 77.66, 2, [(0, 1), (1, 2), (2, 1), (3, 2)]]",0.0,"[200.34, 77.66, 2, [(0, 2), (1, 1), (2, 2), (3, 1)]]",0.001,"[92.57, 46.43, 1, [(0, 1), (1, 1), (2, 1), (3, 1)]]",0.0,"[100.17, 38.83, 1, [(0, 2), (1, 1), (2, 3), (3, 1)]]",0.0
85,"[297.85, 1322.15, 10, [(0, 2), (1, 3)]]",0.001,"[297.85, 1322.15, 10, [(0, 2), (1, 3)]]",0.0,"[238.28, 1057.72, 8, [(0, 3), (1, 2)]]",0.0,"[55.65, 268.35, 2, [(0, 1), (1, 1)]]",0.0,"[29.78, 132.22, 1.0, [(0, 7), (1, 5)]]",0.0
86,"[218.56, 1211.44, 11, [(0, 6), (1, 9)]]",0.001,None,0.001,"[39.74, 220.26, 2.0, [(0, 5), (1, 6)]]",0.0,"[15.79, 114.21, 1, [(0, 1), (1, 1)]]",0.0,"[15.79, 114.21, 1, [(0, 3), (1, 3)]]",0.0
87,"[261.55, 70.45, 2, [(0, 3), (1, 3), (2, 3)]]",0.001,"[275.79, 56.21, 2, [(0, 2), (1, 3), (2, 2)]]",0.0,"[275.79, 56.21, 2.0, [(0, 3), (1, 2), (2, 3)]]",0.001,"[130.77, 35.23, 1, [(0, 2), (1, 2), (2, 2)]]",0.0,"[137.89, 28.11, 1, [(0, 1), (1, 2), (2, 3)]]",0.0
88,"[264.87, 275.13, 3, [(0, 2), (1, 2), (2, 4), (3, 4), (4, 5)]]",0.3155,"[90.03, 89.97, 1, [(0, 2), (1, 8), (2, 2), (3, 8), (4, 2)]]",0.0,"[180.06, 179.94, 2, [(0, 4), (1, 2), (2, 4), (3, 7), (4, 4)]]",0.0,"[87.78, 92.22, 1, [(0, 2), (1, 2), (2, 2), (3, 2), (4, 2)]]",0.0,"[89.79, 90.21, 1, [(0, 4), (1, 3), (2, 4), (3, 1), (4, 1)]]",0.0
89,"[184.05, 570.95, 5, [(0, 3), (1, 3), (2, 4)]]",0.001,"[81.46, 220.54, 2.0, [(0, 2), (1, 3), (2, 2)]]",0.0,"[81.46, 220.54, 2.0, [(0, 3), (1, 2), (2, 3)]]",0.0,"[32.85, 118.15, 1, [(0, 1), (1, 1), (2, 1)]]",0.0,"[81.46, 220.54, 2.0, [(0, 4), (1, 3), (2, 2)]]",0.0
90,"[138.75, -14.75, 1, [(0, 3), (1, 3), (2, 3), (3, 3)]]",0.004,"[143.35, -19.35, 1, [(0, 3), (1, 5), (2, 3), (3, 5)]]",0.0,"[143.35, -19.35, 1, [(0, 3), (1, 5), (2, 3), (3, 5)]]",0.0,"[138.75, -14.75, 1, [(0, 3), (1, 3), (2, 3), (3, 3)]]",0.0,"[141.44, -17.44, 1, [(0, 3), (1, 3), (2, 5), (3, 4)]]",0.0
91,"[239.98, 231.02, 3, [(0, 3), (1, 3), (2, 4), (3, 5), (4, 8)]]",0.4058,"[81.91, 75.09, 1, [(0, 5), (1, 6), (2, 5), (3, 6), (4, 5)]]",0.0013,"[163.83, 150.17, 2, [(0, 4), (1, 3), (2, 4), (3, 3), (4, 8)]]",0.001,"[75.97, 81.03, 1, [(0, 3), (1, 3), (2, 3), (3, 3), (4, 3)]]",0.0,"[81.91, 75.09, 1, [(0, 1), (1, 7), (2, 8), (3, 5), (4, 9)]]",0.0
92,"[128.57, -13.57, 1, [(0, 5), (1, 5), (2, 5), (3, 5)]]",0.0203,"[133.97, -18.97, 1, [(0, 1), (1, 5), (2, 1), (3, 5)]]",0.0,None,0.0,"[128.57, -13.57, 1, [(0, 5), (1, 5), (2, 5), (3, 5)]]",0.0,"[133.97, -18.97, 1, [(0, 6), (1, 7), (2, 4), (3, 5)]]",0.0
93,"[349.78, 166.22, 3, [(0, 3), (1, 3), (2, 10), (3, 10), (4, 5)]]",17.5443,"[123.29, 48.71, 1, [(0, 3), (1, 17), (2, 3), (3, 17), (4, 3)]]",0.001,"[246.59, 97.41, 2.0, [(0, 3), (1, 10), (2, 3), (3, 10), (4, 5)]]",0.001,"[114.09, 57.91, 1, [(0, 3), (1, 3), (2, 3), (3, 3), (4, 3)]]",0.0,"[120.04, 51.96, 1, [(0, 10), (1, 10), (2, 6), (3, 8), (4, 6)]]",0.0
94,"[302.18, 357.82, 5, [(0, 4), (1, 4), (2, 2)]]",0.001,"[265.26, 262.74, 4, [(0, 4), (1, 2), (2, 4)]]",0.0,"[265.26, 262.74, 4, [(0, 4), (1, 2), (2, 4)]]",0.0,"[117.93, 146.07, 2, [(0, 2), (1, 2), (2, 2)]]",0.0,"[60.44, 71.56, 1, [(0, 1), (1, 1), (2, 2)]]",0.0
95,"[496.12, 353.88, 5, [(0, 2), (1, 4), (2, 5)]]",0.0035,"[198.45, 141.55, 2.0, [(0, 7), (1, 2), (2, 7)]]",0.0,"[297.67, 212.33, 3, [(0, 4), (1, 5), (2, 4)]]",0.0,"[96.18, 73.82, 1, [(0, 1), (1, 1), (2, 1)]]",0.0,"[99.22, 70.78, 1, [(0, 3), (1, 5), (2, 6)]]",0.0
96,"[317.8, 1239.2, 9, [(0, 1), (1, 11)]]",0.002,"[176.55, 688.45, 5, [(0, 8), (1, 3)]]",0.0,"[105.93, 413.07, 3.0, [(0, 8), (1, 11)]]",0.0,"[170.75, 694.25, 5, [(0, 1), (1, 1)]]",0.0,"[35.31, 137.69, 1, [(0, 7), (1, 4)]]",0.0
97,"[216.04, -34.04, 1, [(0, 1), (1, 1), (2, 1), (3, 1), (4, 4), (5, 4)]]",33.0679,"[230.62, -48.62, 1, [(0, 12), (1, 3), (2, 12), (3, 3), (4, 12), (5, 3)]]",0.0,"[461.24, -97.24, 2, [(0, 12), (1, 3), (2, 12), (3, 14), (4, 1), (5, 4)]]",0.001,None,0.0,"[230.62, -48.62, 1, [(0, 6), (1, 1), (2, 14), (3, 12), (4, 14), (5, 12)]]",0.0
98,"[88.35, 205.65, 2, [(0, 1), (1, 1)]]",0.001,"[100.25, 193.75, 2.0, [(0, 1), (1, 2)]]",0.0015,None,0.0,"[88.35, 205.65, 2, [(0, 1), (1, 1)]]",0.0,"[100.25, 193.75, 2, [(0, 5), (1, 4)]]",0.0
99,"[420.01, 51.99, 4, [(0, 5), (1, 4), (2, 3)]]",0.002,"[105.0, 13.0, 1, [(0, 6), (1, 3), (2, 6)]]",0.0,"[210.01, 25.99, 2, [(0, 3), (1, 5), (2, 3)]]",0.0,"[102.34, 15.66, 1, [(0, 3), (1, 3), (2, 3)]]",0.0,"[210.01, 25.99, 2, [(0, 5), (1, 1), (2, 4)]]",0.0
100,"[312.71, 59.29, 2, [(0, 1), (1, 1), (2, 5)]]",0.0,"[318.71, 53.29, 2, [(0, 1), (1, 5), (2, 1)]]",0.0,"[318.71, 53.29, 2, [(0, 1), (1, 5), (2, 1)]]",0.0,"[154.53, 31.47, 1, [(0, 1), (1, 1), (2, 1)]]",0.0,"[159.36, 26.64, 1, [(0, 5), (1, 3), (2, 4)]]",0.0
